UserID, Average Rating
1,3.544
2,3.000
3,-0.286
4,3.111
5,2.333
6,1.386
7,2.843
8,5.667
9,2.000
10,6.000
13,1.785
15,1.538
16,8.000
17,2.474
19,2.600
20,2.000
21,2.500
23,3.308
25,2.611
26,1.545
28,1.636
29,2.057
31,1.500
32,1.000
33,2.000
34,1.000
35,1.899
36,1.879
37,1.333
39,3.160
41,1.674
44,-2.667
45,2.818
46,1.000
47,2.000
51,1.966
52,1.000
53,3.000
54,2.143
55,1.000
56,1.833
57,2.375
60,3.106
61,-0.556
62,-0.731
64,1.768
65,1.000
66,2.000
68,1.600
69,1.667
70,1.833
71,1.000
72,2.000
74,1.000
75,-0.600
76,1.667
77,1.929
78,1.700
79,1.000
80,1.824
81,2.222
83,1.000
86,1.000
87,1.000
88,2.667
89,1.500
93,2.769
94,1.000
95,1.833
96,1.216
97,1.500
99,4.000
100,1.250
101,2.571
103,1.000
104,2.352
105,3.500
106,1.000
107,2.000
108,1.000
109,2.500
110,1.400
111,3.167
112,1.500
113,1.750
114,1.222
115,1.750
116,2.000
119,4.333
120,2.333
122,1.000
125,1.750
127,4.333
129,2.333
131,1.000
132,1.688
133,1.000
134,2.500
135,0.301
137,1.000
138,1.000
139,1.333
140,1.000
141,1.571
142,1.636
143,1.950
144,1.659
145,1.000
146,1.400
147,1.000
148,1.200
149,1.821
150,1.000
152,0.100
153,1.833
154,1.000
155,2.500
156,1.286
157,1.500
158,1.000
159,2.208
160,2.714
161,1.667
162,1.000
163,1.125
164,2.250
165,3.500
166,1.077
167,2.909
168,1.000
169,2.500
170,1.000
171,1.420
172,1.000
173,1.750
174,1.500
175,2.000
176,1.667
177,0.222
178,2.059
179,-0.429
180,1.200
181,1.333
182,1.000
183,1.333
184,2.105
185,1.000
186,1.250
187,1.000
188,1.500
189,2.000
190,1.000
191,2.000
192,2.529
193,2.000
194,1.000
195,1.000
196,1.000
197,3.333
198,1.540
199,1.500
200,2.286
201,3.250
202,2.165
203,1.333
204,-0.774
205,1.000
206,1.200
207,1.286
208,2.000
209,1.633
210,1.000
211,1.000
212,1.500
213,2.000
214,1.929
215,2.302
216,0.667
217,2.667
218,3.000
219,1.222
220,1.000
221,1.500
222,1.692
223,3.545
224,2.286
225,1.000
227,1.167
228,1.615
229,2.250
230,2.563
231,1.000
232,3.000
233,1.667
234,2.333
235,1.923
236,1.000
237,1.000
238,1.167
239,2.500
240,2.500
241,4.600
242,0.813
243,1.889
244,2.600
245,2.636
246,1.800
247,1.000
248,1.500
249,1.800
250,3.000
251,1.778
252,1.000
254,2.500
255,1.000
256,1.606
257,3.167
258,1.500
259,1.000
260,-1.667
261,2.000
262,1.000
263,1.500
264,4.500
265,2.200
266,1.941
267,1.000
268,3.200
269,2.000
270,1.351
271,1.000
272,1.833
273,1.720
274,2.048
275,2.500
276,1.833
277,3.000
278,4.250
279,3.000
280,2.069
281,1.000
282,1.167
283,2.467
284,3.125
285,1.500
286,1.000
287,1.000
288,0.714
289,2.000
290,1.000
291,1.000
292,1.500
293,0.500
294,1.000
295,2.095
296,3.167
297,2.333
298,1.800
299,1.500
300,5.000
301,1.750
302,1.000
303,1.000
304,2.240
305,1.000
306,1.000
307,1.000
308,1.615
309,0.882
310,-5.143
311,1.000
312,1.545
313,1.000
314,3.000
315,-4.500
316,1.000
317,1.000
318,1.250
319,1.500
320,2.400
321,2.333
322,1.875
323,1.000
324,1.000
325,1.000
326,1.000
327,1.000
328,4.000
329,1.000
330,2.333
331,3.000
332,2.000
333,5.000
334,3.000
335,5.000
336,3.000
337,5.000
338,5.000
339,2.500
340,3.000
341,4.000
342,2.438
343,4.000
344,5.000
345,1.500
346,1.500
347,0.125
348,1.500
349,1.000
350,1.571
351,2.667
352,2.000
353,1.647
354,1.000
355,1.000
356,1.500
357,1.250
358,3.000
359,1.583
360,3.500
361,1.745
362,4.000
363,2.257
364,4.000
365,2.000
366,1.200
367,1.000
368,1.000
369,4.000
370,1.000
371,1.000
372,1.833
373,4.000
374,0.545
375,2.333
376,6.000
377,2.000
378,1.000
379,1.000
380,1.000
381,4.000
382,1.000
383,0.056
384,1.917
385,1.000
386,1.091
387,0.833
388,1.000
389,1.000
390,1.889
391,1.000
392,2.333
393,1.364
394,2.000
395,2.727
396,0.583
397,5.000
398,5.000
399,1.222
400,5.000
401,1.750
402,1.000
403,1.000
404,1.167
405,0.789
406,2.000
407,1.000
408,1.429
409,1.000
410,-6.000
411,1.000
412,0.900
413,5.000
414,4.000
415,2.100
416,1.688
417,2.714
418,1.786
419,1.714
420,6.000
421,1.200
422,5.000
423,-0.286
424,1.333
425,1.560
426,4.000
427,1.636
428,1.500
429,1.000
430,1.000
431,2.500
432,1.000
433,1.400
434,1.000
435,1.000
436,1.308
437,1.333
438,1.000
439,1.000
440,1.500
441,1.875
442,1.000
443,1.846
444,1.000
445,1.000
446,2.053
447,4.667
448,4.750
449,1.250
450,1.000
451,5.500
452,0.905
453,1.000
454,1.333
455,1.100
456,2.000
457,1.000
458,1.000
459,1.000
460,1.500
461,2.000
462,1.533
463,-1.000
464,1.250
465,2.143
466,2.000
467,-3.750
468,1.983
469,1.286
470,1.000
471,1.000
472,-3.733
473,1.000
474,2.000
475,3.333
476,1.125
477,1.000
478,1.667
479,1.600
480,1.600
481,0.973
482,1.000
483,2.000
484,1.909
485,1.000
486,1.250
487,1.000
488,1.000
489,2.600
490,6.000
491,2.111
492,1.604
493,2.706
494,2.000
495,1.273
496,1.000
497,2.000
498,2.500
499,1.333
500,5.000
501,1.500
502,1.417
503,1.000
504,1.000
505,1.000
506,1.000
507,2.333
508,1.000
509,1.000
510,1.000
511,1.000
512,-1.750
513,1.000
514,1.200
515,1.000
516,1.600
517,1.000
518,2.800
519,4.000
520,1.111
521,1.200
522,1.559
523,1.733
524,1.000
525,1.500
526,1.750
527,1.500
528,2.000
529,10.000
530,1.727
531,1.000
532,1.000
533,1.769
534,3.100
535,2.667
536,1.250
537,1.722
538,1.556
539,1.167
540,1.744
541,1.000
542,2.333
543,1.000
544,1.500
545,1.823
546,1.375
547,2.467
548,3.200
549,1.000
550,1.114
551,1.500
552,1.000
553,3.500
554,2.667
555,1.000
556,1.000
557,2.667
558,2.000
559,1.333
560,1.500
561,0.400
562,1.000
563,1.375
564,1.400
565,1.000
566,-0.222
567,1.000
569,1.000
570,1.833
571,1.000
572,1.000
573,2.800
574,-3.500
575,2.000
576,2.600
577,0.750
578,1.444
579,0.600
580,1.000
581,1.000
582,1.000
583,1.500
584,1.000
585,1.333
586,1.000
587,3.000
588,4.500
589,1.000
590,1.000
591,1.250
592,1.564
593,5.333
594,-2.250
595,1.000
596,1.000
597,1.000
598,1.333
599,1.000
600,1.000
601,1.000
602,1.000
603,2.000
604,1.000
605,2.750
606,1.800
607,4.000
608,1.250
609,1.000
610,2.667
611,1.000
612,1.000
613,5.000
614,1.000
615,1.000
616,1.333
617,1.667
618,1.000
619,1.000
620,1.000
621,1.333
622,1.000
623,6.333
624,1.000
625,1.118
626,2.833
627,1.500
628,0.125
629,1.000
630,1.500
631,2.000
632,1.136
633,0.875
634,1.061
635,1.931
636,1.000
637,3.000
638,1.500
639,2.500
640,1.750
641,2.600
642,-0.222
643,1.500
644,1.000
645,2.000
646,2.000
647,1.276
648,1.000
649,1.000
650,2.444
651,2.200
652,2.667
653,2.000
654,1.250
655,3.000
656,1.000
657,2.000
658,1.200
659,1.000
660,1.000
661,1.333
662,1.000
663,1.500
664,1.368
665,2.500
666,1.750
667,1.500
668,1.000
669,3.000
670,1.500
671,1.000
672,-4.667
673,2.400
674,1.000
675,1.000
676,1.000
677,1.000
678,3.429
679,1.000
680,1.500
681,1.000
682,3.000
683,3.000
684,1.000
685,1.000
686,1.500
687,1.426
688,2.200
689,1.667
690,1.000
691,1.000
692,1.000
693,1.000
694,3.000
695,1.000
696,1.000
697,2.500
698,2.000
699,1.000
700,1.417
701,1.400
702,1.000
703,1.000
704,2.000
705,0.813
706,1.000
707,3.000
708,4.667
709,1.750
710,0.870
711,1.000
712,4.000
713,-10.000
714,1.176
715,2.667
716,2.200
717,9.000
718,1.667
719,1.000
720,5.500
721,1.000
722,2.667
723,1.000
724,1.500
725,1.560
726,-1.714
727,1.000
728,1.000
729,1.444
730,2.667
731,1.000
732,2.056
733,0.000
734,3.000
735,1.444
736,1.000
737,1.000
738,1.000
739,1.000
740,1.000
741,1.000
742,0.941
743,1.333
744,1.000
745,1.000
746,1.000
747,2.000
748,2.500
749,7.000
750,1.000
751,1.000
752,1.000
753,3.333
754,2.000
755,2.000
756,1.000
757,1.455
758,1.000
759,1.000
760,3.222
761,1.000
762,2.333
763,1.000
764,1.000
765,1.000
766,-10.000
767,1.500
768,2.571
769,3.500
770,1.391
771,1.000
772,2.000
773,1.000
774,1.000
775,1.821
776,1.000
777,1.313
778,2.500
779,1.800
780,1.643
781,0.727
782,0.333
783,1.000
784,1.000
785,1.000
786,-0.125
787,-7.000
788,0.500
789,1.000
790,1.000
791,1.200
792,1.000
793,1.000
794,1.000
795,1.000
796,1.000
797,1.000
798,1.500
799,2.667
800,1.000
801,3.222
802,1.857
803,1.000
804,-0.667
805,-4.500
806,1.000
807,2.000
808,1.000
809,4.000
810,1.000
811,1.333
812,1.000
813,1.000
814,10.000
815,1.000
816,1.000
817,1.500
818,1.000
819,1.500
820,1.714
821,1.000
822,0.750
823,1.737
824,-3.750
825,3.000
826,1.000
827,2.222
828,1.000
829,1.000
830,1.667
831,1.000
832,-0.315
833,1.000
834,2.667
835,2.000
836,1.000
837,1.000
838,1.625
839,2.000
840,8.000
841,1.667
842,1.000
843,1.000
844,2.000
845,1.000
846,1.286
847,2.800
848,3.000
849,1.000
850,1.500
851,1.000
852,2.000
853,1.375
854,1.000
855,1.000
856,2.143
857,2.000
858,2.000
859,1.000
860,3.000
861,1.333
862,0.909
863,1.500
864,2.333
865,2.000
866,2.250
867,1.667
868,3.000
869,3.000
870,-2.833
871,1.333
872,2.500
873,2.000
874,1.500
875,1.400
876,1.000
877,1.000
878,2.000
879,1.500
880,3.000
881,2.000
882,2.679
883,1.000
884,2.000
885,2.167
886,2.000
887,1.000
888,1.000
889,1.000
890,2.000
891,1.000
892,1.333
893,2.000
894,1.231
895,-1.000
896,2.857
897,1.000
898,3.000
899,1.667
900,1.500
901,1.000
902,2.250
903,1.400
904,1.667
905,0.610
906,-7.667
907,2.167
908,3.204
909,2.000
910,1.000
911,5.500
912,3.500
913,1.250
914,1.000
915,4.000
916,1.000
917,1.600
918,1.000
919,1.000
920,3.667
921,3.167
922,2.667
923,2.677
924,1.000
925,0.952
926,2.333
927,2.000
928,1.714
929,1.143
930,3.500
931,1.667
932,3.000
933,1.000
934,2.000
935,2.429
936,2.000
937,1.526
938,1.000
939,1.000
940,1.500
941,2.500
942,1.000
943,1.857
944,3.000
945,2.000
946,2.000
947,2.000
948,1.750
949,2.000
950,1.250
951,1.000
952,2.000
953,2.429
954,0.667
955,5.000
956,3.000
957,-5.667
958,-0.500
959,6.000
960,2.500
961,1.000
962,0.909
963,1.500
964,3.000
965,4.000
966,1.000
967,1.300
968,2.000
969,1.000
970,1.000
971,2.000
972,2.000
973,1.500
974,2.000
975,1.200
976,1.000
977,1.000
978,0.938
979,2.000
980,2.000
981,1.000
982,1.000
983,1.000
984,-10.000
985,5.000
986,1.000
987,4.000
988,3.083
989,2.000
990,1.000
991,1.500
992,2.000
993,1.000
994,1.000
995,1.000
996,2.000
997,2.667
998,1.000
999,1.000
1000,2.000
1001,2.000
1002,2.000
1003,2.000
1004,2.500
1005,2.308
1006,1.000
1007,1.000
1008,2.000
1009,2.000
1010,1.800
1011,1.667
1012,1.500
1013,3.636
1014,4.000
1015,4.000
1016,1.000
1017,1.000
1018,2.631
1019,1.333
1020,2.500
1021,1.000
1022,1.000
1023,1.000
1024,2.000
1025,1.500
1026,0.500
1027,3.000
1028,0.923
1029,1.000
1030,1.000
1031,5.000
1032,3.000
1033,1.000
1034,1.909
1035,1.000
1036,1.000
1037,3.400
1038,2.000
1039,1.000
1040,1.500
1041,2.000
1042,1.000
1043,0.600
1044,1.000
1045,3.000
1046,8.000
1047,2.000
1048,2.250
1049,1.000
1050,2.000
1051,1.000
1052,1.000
1053,1.804
1054,1.000
1055,1.000
1056,4.000
1057,1.500
1058,1.000
1059,1.000
1060,5.000
1061,2.000
1062,1.167
1063,2.000
1064,1.500
1065,3.167
1066,1.000
1067,2.000
1068,3.250
1069,1.000
1070,1.000
1071,1.000
1073,1.600
1074,-7.000
1075,5.000
1076,5.500
1077,2.000
1078,2.091
1079,2.000
1080,2.000
1081,2.000
1082,2.000
1083,2.000
1084,5.250
1085,1.000
1086,2.000
1087,2.000
1088,2.000
1089,1.000
1090,1.250
1091,3.000
1092,2.667
1093,1.000
1094,1.621
1095,1.000
1096,1.000
1097,1.000
1098,2.750
1099,-10.000
1100,2.077
1101,1.000
1102,3.000
1103,1.000
1104,1.200
1105,1.500
1106,1.000
1107,1.500
1108,1.000
1109,1.000
1110,1.000
1111,1.000
1112,1.000
1113,1.200
1114,1.500
1115,1.500
1116,-4.500
1117,1.000
1118,1.000
1119,2.667
1120,1.000
1121,5.500
1122,10.000
1123,1.000
1124,1.000
1125,2.000
1126,1.000
1127,1.000
1128,1.286
1129,2.000
1130,1.000
1131,2.000
1132,2.000
1133,4.667
1134,1.000
1135,2.000
1136,1.000
1137,1.000
1138,1.000
1139,-2.833
1140,-1.000
1141,-3.500
1142,-2.000
1143,-5.000
1144,-3.000
1145,-5.167
1146,1.000
1147,1.000
1148,2.000
1149,1.000
1150,1.000
1151,1.000
1152,1.000
1153,1.000
1154,-0.118
1155,1.000
1156,1.000
1157,2.000
1158,1.000
1159,2.000
1160,1.000
1161,1.000
1162,1.191
1163,1.000
1164,1.500
1165,1.333
1166,3.500
1167,1.000
1168,1.333
1169,2.000
1170,1.000
1171,6.000
1172,1.000
1173,1.000
1174,4.667
1175,1.000
1176,1.000
1177,1.000
1178,1.000
1179,1.500
1180,1.000
1181,1.000
1182,1.000
1183,2.000
1184,1.000
1185,3.231
1186,1.000
1187,1.500
1188,1.000
1189,1.000
1190,1.000
1191,7.000
1192,1.000
1193,1.000
1194,1.000
1195,1.000
1196,2.667
1197,0.000
1198,-0.900
1199,1.000
1200,1.000
1201,3.948
1202,1.000
1203,1.000
1204,2.500
1205,1.000
1206,1.000
1207,0.923
1208,1.000
1209,1.000
1210,1.000
1211,-10.000
1212,2.000
1213,1.000
1214,2.000
1215,1.000
1216,1.000
1217,2.704
1218,3.500
1219,1.333
1220,5.000
1221,1.000
1222,1.500
1223,1.500
1224,1.000
1225,1.000
1226,1.400
1227,1.400
1228,1.000
1229,1.000
1230,1.000
1231,1.000
1232,1.000
1233,1.000
1234,1.000
1235,1.000
1236,2.000
1237,1.500
1238,1.000
1239,1.286
1240,3.000
1241,1.000
1242,1.000
1243,2.200
1244,1.333
1245,1.444
1246,7.000
1247,2.000
1248,1.000
1249,1.500
1250,1.000
1251,4.000
1252,1.250
1253,2.000
1254,1.000
1255,1.000
1256,1.000
1257,1.444
1258,1.000
1259,1.000
1260,4.333
1261,10.000
1262,1.333
1263,1.667
1264,1.000
1265,1.000
1266,1.000
1267,1.684
1268,2.267
1269,1.250
1270,1.000
1271,1.111
1272,0.429
1273,1.000
1274,2.000
1275,1.400
1276,2.000
1277,0.091
1278,1.000
1279,1.000
1280,2.000
1281,1.182
1282,3.000
1283,1.000
1284,5.000
1285,1.000
1286,1.500
1287,1.000
1288,1.000
1289,1.636
1290,1.455
1291,5.500
1292,1.600
1293,-4.500
1294,1.000
1295,1.000
1296,1.000
1297,1.000
1298,1.000
1299,1.000
1300,1.000
1301,1.000
1302,1.625
1303,3.000
1304,1.000
1305,1.000
1306,1.000
1307,1.000
1308,-10.000
1309,1.000
1310,1.333
1311,1.000
1312,1.000
1313,1.000
1314,1.000
1315,1.000
1316,2.647
1317,2.018
1318,0.261
1319,1.200
1320,1.000
1321,1.000
1322,0.778
1323,1.000
1324,1.000
1325,1.500
1326,10.000
1327,-3.333
1328,3.000
1329,-10.000
1330,1.000
1331,-2.250
1332,1.111
1333,1.000
1334,1.402
1335,1.000
1336,1.000
1337,1.000
1338,1.333
1340,10.000
1341,1.000
1342,1.000
1343,1.000
1344,1.000
1345,0.875
1346,1.000
1347,1.000
1348,0.941
1349,1.000
1350,1.000
1351,1.000
1352,1.619
1353,1.455
1354,2.600
1355,1.000
1356,1.000
1357,-2.400
1358,3.500
1359,2.500
1360,1.000
1361,1.000
1362,1.000
1363,0.364
1364,1.000
1365,1.000
1366,2.159
1367,5.000
1368,1.850
1369,1.000
1370,1.000
1371,1.000
1372,1.000
1373,1.000
1374,2.000
1375,1.800
1376,2.143
1377,0.769
1378,1.000
1379,0.667
1380,1.000
1381,3.000
1382,1.000
1383,-2.417
1384,1.286
1385,1.000
1386,2.410
1387,-10.000
1388,1.000
1389,1.000
1390,1.000
1391,1.000
1392,2.000
1393,-6.500
1394,1.071
1395,2.000
1396,2.008
1397,1.000
1399,1.000
1400,1.357
1401,1.000
1402,1.000
1403,1.238
1404,1.000
1405,1.000
1406,1.000
1407,2.000
1408,3.000
1409,1.000
1410,1.000
1411,1.500
1412,1.400
1413,2.200
1414,1.000
1415,1.500
1416,1.000
1417,1.000
1418,1.000
1419,1.000
1420,4.500
1421,1.000
1422,1.500
1423,2.000
1424,1.000
1425,3.000
1426,1.000
1427,1.000
1428,1.000
1429,1.000
1430,2.000
1431,1.000
1432,1.000
1433,1.000
1434,1.000
1435,2.000
1436,1.250
1437,5.222
1438,1.667
1439,2.200
1440,1.000
1441,1.000
1442,1.000
1443,-7.000
1444,1.000
1445,1.000
1446,1.000
1447,1.000
1448,1.000
1449,1.000
1450,1.000
1451,1.750
1452,1.000
1453,1.727
1454,2.000
1455,1.000
1456,1.333
1457,1.500
1458,1.000
1459,1.000
1460,1.000
1461,2.000
1462,1.333
1463,1.250
1464,2.143
1465,2.000
1466,1.000
1467,3.000
1468,1.000
1469,1.250
1470,1.000
1471,1.143
1472,1.000
1473,1.611
1474,1.000
1475,1.667
1476,1.000
1477,1.222
1478,1.875
1479,1.000
1480,1.000
1481,1.000
1482,1.000
1483,1.000
1484,1.000
1485,3.000
1486,1.000
1487,1.357
1488,1.000
1489,1.000
1490,1.182
1491,1.000
1492,3.667
1493,1.000
1494,2.000
1495,1.000
1496,1.000
1497,1.000
1498,1.000
1499,1.968
1500,1.000
1501,10.000
1502,1.467
1503,1.000
1504,2.667
1505,1.000
1506,1.000
1507,1.333
1508,1.500
1509,1.000
1510,-0.600
1511,2.000
1512,1.778
1513,1.000
1514,1.000
1515,1.500
1516,1.000
1517,1.000
1518,1.667
1519,1.000
1520,2.000
1521,1.400
1522,1.000
1523,1.000
1524,1.000
1525,1.714
1526,1.333
1527,1.000
1528,1.741
1529,1.838
1530,1.000
1531,1.000
1532,1.000
1533,1.000
1534,1.000
1535,-5.600
1536,1.000
1537,1.000
1538,1.000
1539,1.438
1540,1.000
1541,1.667
1542,1.500
1543,-0.529
1544,2.600
1545,10.000
1546,1.250
1547,1.000
1548,1.611
1549,1.000
1550,2.500
1551,3.000
1552,1.000
1553,1.000
1554,1.500
1555,1.538
1556,2.429
1557,1.063
1558,1.000
1559,5.000
1560,1.000
1561,1.000
1562,1.067
1564,1.000
1565,1.485
1566,2.592
1568,1.429
1569,2.000
1570,1.000
1571,1.000
1572,-10.000
1573,1.500
1574,2.333
1575,1.500
1576,1.154
1577,1.000
1578,1.000
1579,1.333
1580,1.000
1581,1.000
1582,1.000
1583,1.000
1584,1.238
1585,1.595
1586,1.000
1587,1.000
1588,1.000
1589,2.000
1590,2.000
1591,2.600
1592,4.000
1593,1.000
1594,1.000
1595,1.250
1596,1.000
1597,1.000
1598,1.000
1599,1.000
1600,0.000
1601,1.000
1602,2.000
1603,1.000
1604,1.000
1605,1.250
1606,1.000
1607,2.000
1608,1.000
1609,-6.333
1610,1.000
1611,1.143
1612,1.220
1613,1.000
1614,1.000
1615,2.397
1616,1.000
1617,1.000
1618,1.500
1619,1.000
1620,2.378
1621,1.000
1622,1.000
1623,1.000
1624,2.333
1625,1.000
1626,1.000
1627,1.000
1628,0.143
1629,1.222
1630,1.000
1631,5.000
1632,1.000
1633,1.000
1634,1.000
1635,1.500
1636,1.333
1637,1.000
1639,1.375
1640,1.000
1641,1.000
1642,1.000
1643,9.000
1644,1.000
1645,1.333
1646,1.000
1647,0.714
1648,1.600
1649,1.000
1650,2.667
1651,1.000
1653,1.125
1654,1.000
1655,1.000
1656,1.162
1657,1.111
1658,3.000
1659,1.000
1660,0.000
1661,2.000
1662,-0.500
1663,10.000
1664,1.167
1665,1.000
1666,1.667
1667,2.500
1668,1.000
1669,4.500
1670,2.133
1671,-10.000
1672,1.000
1673,1.000
1674,1.556
1675,1.352
1676,1.000
1677,1.304
1678,1.000
1679,1.000
1680,1.000
1681,1.000
1682,1.000
1683,1.000
1684,2.000
1685,2.333
1686,2.300
1687,1.000
1688,1.000
1689,1.688
1690,3.500
1691,1.000
1692,1.000
1693,1.755
1694,1.000
1695,5.000
1696,1.000
1697,1.333
1698,1.000
1699,1.000
1700,3.000
1701,2.286
1702,1.250
1703,0.000
1704,1.667
1705,-10.000
1706,1.000
1707,1.000
1708,8.000
1709,1.000
1710,1.000
1711,2.000
1712,2.333
1713,1.111
1714,1.622
1715,1.000
1716,1.000
1717,2.000
1718,2.000
1719,-2.800
1720,1.000
1721,1.000
1722,2.500
1723,1.000
1724,1.000
1725,1.875
1726,0.333
1727,1.000
1728,1.000
1729,2.000
1730,3.000
1731,2.345
1732,1.000
1733,1.800
1734,1.000
1735,1.895
1736,1.700
1737,1.000
1738,1.000
1739,-1.000
1740,1.000
1741,1.000
1743,4.818
1744,1.333
1745,2.000
1746,1.278
1747,3.000
1748,1.000
1749,1.000
1750,-3.500
1751,1.571
1752,2.316
1753,-2.538
1754,0.500
1755,1.500
1756,-10.000
1757,1.000
1758,3.000
1759,5.000
1760,1.000
1761,2.000
1762,1.667
1763,1.000
1764,2.378
1765,1.467
1766,2.000
1767,1.000
1768,1.000
1769,1.600
1770,1.000
1771,0.244
1772,1.000
1773,0.714
1774,4.333
1775,1.333
1776,1.500
1777,3.000
1778,1.857
1779,2.250
1780,1.000
1781,7.000
1782,1.000
1783,-1.000
1784,1.000
1785,1.667
1786,1.000
1787,8.000
1788,1.444
1789,1.000
1790,1.000
1791,3.000
1792,-3.182
1793,1.500
1794,1.250
1795,1.000
1796,1.000
1797,1.000
1798,3.000
1799,1.000
1800,1.167
1801,1.000
1802,1.758
1803,1.429
1804,1.667
1805,1.000
1806,1.000
1807,1.000
1808,1.000
1809,-0.400
1810,0.740
1811,1.200
1812,1.000
1813,1.000
1814,1.000
1815,-1.250
1816,1.000
1817,1.250
1818,1.000
1819,1.650
1820,1.400
1821,1.000
1822,1.000
1823,1.500
1824,1.000
1825,1.000
1826,3.000
1827,1.500
1828,1.000
1829,1.500
1830,1.000
1831,1.000
1832,1.857
1833,1.000
1834,1.000
1835,1.000
1836,1.000
1837,1.000
1838,1.250
1839,2.400
1840,2.167
1841,1.000
1842,1.333
1843,2.091
1844,3.400
1845,3.000
1846,1.552
1847,3.000
1848,1.000
1849,1.600
1850,1.071
1851,1.667
1852,1.000
1853,-10.000
1854,1.000
1855,4.333
1856,1.000
1857,1.000
1858,1.000
1859,2.000
1860,2.035
1861,2.500
1862,-10.000
1863,2.000
1864,2.250
1865,1.000
1866,5.000
1867,1.000
1868,1.000
1869,1.000
1870,1.000
1871,1.000
1872,1.200
1873,1.000
1874,1.000
1875,2.000
1876,1.857
1877,4.667
1878,2.200
1879,1.000
1880,1.000
1881,1.000
1882,2.000
1883,1.000
1884,1.000
1885,2.143
1886,1.600
1887,2.000
1888,1.200
1889,1.000
1890,0.850
1891,1.000
1892,1.000
1893,1.714
1894,1.167
1895,1.000
1896,2.105
1897,5.000
1898,2.500
1899,1.795
1900,1.333
1901,1.500
1902,1.000
1903,1.000
1904,1.000
1905,2.000
1906,1.000
1907,1.333
1908,1.000
1909,1.000
1910,2.000
1911,2.167
1912,1.333
1913,1.000
1914,3.000
1915,1.250
1916,1.308
1917,-7.250
1918,1.250
1919,1.000
1920,1.500
1921,1.342
1922,1.385
1923,1.400
1924,1.000
1925,1.000
1926,1.000
1927,1.000
1928,1.000
1929,1.000
1930,2.000
1931,1.000
1932,5.000
1933,3.875
1934,1.000
1935,1.000
1936,1.333
1937,1.182
1938,1.857
1939,1.750
1940,1.000
1941,2.000
1942,0.000
1943,1.000
1944,1.333
1945,1.500
1946,1.400
1947,2.632
1948,2.371
1949,1.000
1950,1.000
1951,1.000
1952,1.000
1953,1.527
1954,1.667
1955,-0.667
1956,-8.571
1957,2.800
1958,2.000
1959,1.000
1960,1.000
1961,1.000
1962,1.000
1963,1.000
1964,0.250
1965,1.000
1966,1.333
1967,1.483
1968,1.500
1969,1.000
1970,1.000
1971,1.300
1972,1.333
1973,1.000
1974,1.000
1975,4.000
1976,1.500
1977,1.250
1978,1.000
1979,1.000
1980,2.000
1981,1.143
1982,2.000
1983,1.000
1984,-1.250
1985,1.000
1986,0.600
1987,1.000
1988,1.000
1989,1.500
1990,1.667
1991,-0.550
1992,1.000
1993,1.250
1994,1.000
1995,1.000
1997,1.500
1998,1.313
1999,1.000
2000,2.667
2001,1.000
2002,-3.250
2003,3.000
2004,0.900
2005,1.000
2006,1.200
2007,1.000
2008,-2.000
2009,4.000
2010,2.000
2011,1.000
2012,1.467
2013,1.625
2014,1.000
2015,1.000
2016,1.833
2017,-5.089
2018,2.667
2019,6.000
2020,1.333
2021,1.000
2022,1.000
2023,2.000
2024,1.000
2025,1.000
2026,1.000
2027,1.000
2028,0.724
2029,1.000
2030,1.813
2031,1.000
2032,1.000
2033,3.333
2034,1.278
2035,1.000
2036,1.000
2037,1.000
2038,1.000
2039,1.000
2040,2.818
2041,1.000
2042,1.800
2043,1.000
2044,0.636
2045,0.070
2046,2.429
2047,2.000
2048,0.750
2049,1.667
2050,2.333
2051,1.000
2052,1.333
2053,1.400
2054,2.100
2055,1.000
2056,3.000
2057,1.500
2058,1.000
2059,1.500
2060,3.000
2061,1.000
2062,1.000
2063,1.600
2064,2.600
2065,-2.667
2066,1.000
2067,1.684
2068,1.000
2069,3.000
2070,2.583
2071,1.000
2072,1.444
2073,2.000
2074,1.000
2076,3.800
2077,2.000
2078,10.000
2079,4.000
2080,1.813
2081,1.667
2082,10.000
2083,2.667
2084,1.000
2085,1.333
2086,1.000
2087,1.429
2088,1.000
2089,-1.000
2090,-2.650
2091,1.250
2092,1.000
2093,-0.429
2094,1.000
2095,1.400
2096,-5.250
2097,2.667
2098,1.500
2099,1.000
2100,1.000
2101,1.000
2102,-1.200
2103,0.444
2104,1.000
2105,1.000
2106,2.000
2107,1.000
2108,1.000
2109,1.000
2110,1.698
2111,1.000
2112,1.000
2113,2.000
2114,1.000
2115,-2.250
2116,1.000
2117,1.000
2118,3.640
2119,1.833
2120,1.000
2121,1.000
2122,3.667
2123,1.375
2124,2.333
2125,2.439
2126,2.000
2127,3.111
2128,3.667
2129,2.000
2130,1.000
2131,1.615
2132,1.700
2133,1.000
2134,1.000
2135,1.667
2136,3.000
2137,2.000
2138,1.000
2139,1.000
2140,1.500
2141,1.231
2142,3.118
2143,1.000
2144,3.000
2145,2.500
2146,2.333
2147,2.000
2148,-2.333
2149,1.000
2150,1.000
2151,1.000
2152,1.000
2153,1.000
2154,1.000
2155,1.250
2156,2.000
2157,3.500
2158,0.667
2159,1.333
2160,4.000
2161,1.000
2162,1.500
2163,2.000
2164,2.200
2165,2.067
2166,1.000
2167,2.900
2168,1.000
2169,1.000
2170,1.000
2171,5.000
2172,1.000
2173,0.778
2174,1.429
2175,1.286
2176,2.245
2177,1.000
2178,1.455
2179,1.000
2180,1.500
2181,1.000
2182,1.000
2183,2.000
2184,1.000
2185,1.000
2186,1.000
2187,0.615
2188,3.053
2189,1.000
2190,1.000
2191,1.000
2192,2.250
2193,3.000
2194,0.553
2195,1.167
2196,1.000
2197,1.000
2198,1.941
2199,1.333
2200,5.500
2201,1.444
2202,1.250
2203,1.000
2204,1.400
2205,1.125
2206,1.000
2207,1.000
2208,-1.125
2209,-10.000
2210,2.000
2211,-1.500
2212,-0.667
2213,1.500
2214,0.935
2215,1.000
2216,1.000
2217,1.400
2219,1.875
2220,1.000
2221,1.000
2222,2.000
2223,-1.000
2224,1.000
2225,-10.000
2226,1.000
2227,1.000
2228,1.000
2229,0.438
2230,2.545
2231,0.900
2232,1.000
2233,1.750
2234,1.000
2235,3.000
2236,1.000
2237,1.000
2238,2.000
2239,-10.000
2240,1.000
2241,4.667
2242,3.000
2243,1.364
2244,1.000
2245,-4.500
2246,4.000
2247,1.000
2248,1.000
2249,2.143
2250,1.000
2251,-1.600
2252,1.519
2253,1.000
2254,5.000
2255,1.000
2256,1.000
2257,1.333
2258,3.000
2259,1.250
2260,-1.750
2261,-1.600
2262,1.618
2263,1.000
2264,1.000
2265,-2.667
2266,0.491
2267,1.000
2268,1.000
2269,1.500
2270,1.000
2271,1.000
2272,1.000
2273,3.000
2274,1.000
2275,-0.667
2276,-1.000
2277,1.000
2278,1.000
2279,1.000
2280,1.000
2281,1.286
2282,1.000
2283,1.000
2284,2.571
2285,2.000
2286,3.000
2287,1.000
2288,1.000
2289,1.375
2290,1.000
2291,4.200
2292,1.400
2293,-2.909
2295,1.000
2296,1.621
2297,1.500
2298,1.000
2299,1.091
2300,1.000
2301,1.000
2302,1.000
2303,1.261
2304,1.857
2305,6.333
2306,1.138
2307,1.000
2308,2.000
2309,2.000
2310,1.200
2311,1.636
2312,1.000
2313,2.500
2314,1.000
2315,1.214
2316,2.000
2317,1.000
2318,1.500
2319,1.500
2320,1.000
2321,1.000
2322,0.645
2323,1.000
2324,2.000
2325,1.000
2326,1.000
2327,1.000
2328,1.500
2329,4.000
2330,1.000
2331,1.000
2332,2.333
2333,0.692
2334,1.667
2335,5.000
2336,1.000
2337,1.333
2338,-9.000
2339,1.000
2340,1.000
2341,1.000
2342,4.333
2343,-4.333
2344,0.913
2345,2.000
2346,0.667
2347,10.000
2348,1.000
2349,2.800
2350,1.000
2351,1.500
2352,1.000
2353,1.000
2354,5.000
2355,1.500
2356,1.500
2357,1.000
2358,1.000
2359,2.000
2360,1.000
2362,3.000
2363,0.500
2364,1.000
2365,1.000
2366,1.000
2367,-7.000
2368,1.000
2369,1.500
2370,1.800
2371,1.250
2372,1.000
2373,2.000
2374,1.000
2375,1.000
2376,2.000
2377,8.000
2378,1.447
2379,1.000
2380,1.000
2381,1.000
2382,1.000
2383,1.000
2384,1.000
2385,1.000
2386,1.667
2387,5.000
2388,0.728
2389,1.200
2390,1.000
2391,1.000
2392,1.474
2393,1.000
2394,2.000
2395,1.000
2396,2.000
2397,1.837
2398,1.857
2399,0.579
2400,1.000
2401,1.000
2402,1.333
2403,2.000
2404,1.508
2405,-0.571
2406,1.000
2407,1.000
2408,1.000
2409,2.429
2410,-2.750
2411,1.400
2412,1.000
2413,2.000
2414,1.000
2415,1.800
2416,2.667
2417,1.000
2419,1.727
2420,1.000
2421,1.000
2422,1.000
2423,1.000
2424,-2.250
2425,1.000
2426,1.000
2427,3.308
2428,1.000
2429,2.667
2430,1.200
2431,1.400
2432,1.000
2433,1.000
2434,-4.167
2435,0.000
2436,7.000
2437,2.500
2438,5.000
2439,-2.000
2440,1.000
2441,1.000
2442,1.500
2443,1.000
2444,1.000
2445,1.000
2446,1.000
2447,2.000
2448,1.000
2449,1.000
2450,1.000
2451,2.000
2452,1.000
2453,1.000
2454,3.000
2455,2.286
2456,2.000
2458,1.000
2459,1.000
2460,1.000
2461,1.000
2462,2.000
2463,1.000
2464,1.000
2465,1.000
2466,1.000
2468,1.000
2469,1.000
2470,2.800
2471,-4.000
2472,1.714
2473,1.500
2474,1.000
2475,1.000
2476,1.250
2477,2.000
2478,2.000
2479,1.000
2480,-4.250
2481,1.000
2482,1.000
2483,4.000
2484,2.444
2485,1.816
2486,1.200
2487,1.667
2488,1.000
2489,1.000
2490,1.000
2491,2.000
2492,1.000
2493,2.000
2494,2.167
2495,3.750
2496,1.400
2497,1.000
2498,-5.689
2499,0.000
2500,1.000
2501,1.000
2502,1.500
2503,-6.333
2504,1.000
2505,-4.714
2506,1.000
2507,1.000
2508,1.000
2509,1.000
2510,1.000
2511,2.000
2512,1.000
2513,1.500
2514,-4.600
2515,1.000
2516,-5.800
2517,0.000
2518,1.000
2519,1.000
2520,3.500
2521,1.250
2522,-2.000
2523,1.000
2524,0.417
2525,1.000
2526,2.000
2527,1.000
2528,1.000
2529,1.250
2530,-10.000
2531,1.000
2532,-4.667
2533,1.000
2534,1.000
2535,1.286
2536,1.875
2537,1.000
2538,1.667
2539,-5.333
2540,-2.583
2541,-3.333
2542,-2.333
2543,-0.667
2544,-1.333
2545,-2.000
2546,0.000
2547,1.000
2548,-2.667
2549,-4.667
2550,1.333
2551,1.000
2552,1.294
2553,1.000
2555,2.000
2556,1.000
2557,1.000
2558,1.333
2559,1.000
2561,-4.500
2562,1.000
2563,1.000
2564,1.000
2565,1.793
2566,-1.500
2567,-2.200
2568,-1.857
2569,-2.833
2570,-0.600
2571,-1.000
2572,-6.333
2573,-7.250
2574,-1.667
2575,1.000
2576,1.000
2577,1.000
2578,1.000
2579,1.000
2580,2.143
2581,-7.800
2582,2.000
2584,2.500
2585,-2.143
2586,1.000
2587,1.000
2588,1.000
2589,1.167
2590,0.091
2591,1.000
2592,-3.200
2593,1.333
2594,1.714
2595,1.000
2596,1.000
2597,-6.333
2598,-6.333
2599,1.000
2600,1.402
2601,-2.200
2602,-3.250
2603,-5.000
2604,-1.000
2605,1.600
2606,-2.667
2607,1.500
2608,1.000
2609,1.333
2610,2.000
2611,1.000
2612,1.500
2613,1.000
2614,1.000
2615,1.000
2616,1.000
2617,-10.000
2618,2.667
2619,-10.000
2620,1.000
2621,-2.200
2622,-1.750
2623,-2.600
2624,1.000
2625,2.068
2626,1.000
2627,1.000
2628,-1.143
2629,-1.167
2630,1.500
2631,-1.500
2632,-2.250
2633,2.500
2634,0.000
2635,2.266
2636,0.250
2637,1.000
2638,1.000
2639,-3.200
2640,-5.333
2641,3.000
2642,2.527
2643,5.000
2644,1.000
2645,1.000
2646,1.000
2647,3.019
2648,-1.000
2649,1.000
2651,1.000
2652,2.000
2653,1.000
2654,1.333
2655,1.000
2656,2.000
2657,-5.800
2658,2.217
2659,1.000
2660,-4.500
2661,-0.222
2662,1.000
2663,1.500
2664,1.000
2665,2.667
2666,-3.600
2667,1.000
2668,1.000
2669,-3.800
2670,-3.000
2671,-2.200
2672,-1.444
2673,-2.000
2674,-0.667
2675,-1.667
2676,-2.333
2677,-3.500
2678,-7.000
2679,1.667
2680,-3.333
2681,1.000
2682,-2.286
2683,0.000
2684,-3.333
2685,10.000
2686,2.500
2687,1.000
2688,0.400
2689,-2.000
2690,-7.000
2691,1.000
2692,5.000
2693,1.167
2694,-3.750
2695,-3.500
2696,1.000
2697,-4.500
2698,-4.500
2699,-5.667
2700,-2.222
2701,-4.571
2702,-3.857
2703,-6.250
2704,-4.600
2705,-7.250
2706,-10.000
2707,-10.000
2708,-10.000
2709,-10.000
2710,1.588
2711,1.000
2712,-5.200
2713,1.000
2714,-6.000
2715,1.000
2716,2.143
2717,-3.500
2718,-6.333
2719,1.000
2720,-7.250
2721,-3.800
2722,-10.000
2723,1.000
2724,0.400
2725,1.103
2726,-0.429
2727,1.000
2728,1.724
2729,1.000
2730,2.000
2731,1.400
2732,1.200
2733,2.043
2734,1.000
2735,-1.333
2736,-4.000
2737,-4.250
2738,-6.000
2739,1.000
2740,1.000
2741,-6.333
2742,1.000
2743,-10.000
2744,-3.000
2745,-3.500
2746,-2.000
2747,-6.333
2748,1.000
2749,-1.333
2750,1.000
2751,3.500
2752,-0.667
2753,-10.000
2754,1.667
2755,0.905
2756,1.000
2757,-2.833
2758,3.667
2759,2.000
2760,1.000
2761,1.000
2762,1.750
2763,2.704
2765,1.000
2766,-4.500
2767,1.889
2768,1.500
2769,1.000
2770,2.600
2771,9.000
2772,-2.667
2773,1.000
2774,1.500
2775,1.474
2776,1.000
2777,1.765
2778,-6.222
2779,1.000
2780,1.647
2781,2.333
2782,2.500
2783,1.000
2784,1.522
2785,2.000
2786,1.000
2787,-3.667
2788,-0.333
2789,1.000
2790,1.000
2791,1.000
2792,2.000
2793,2.000
2794,2.000
2795,1.000
2796,0.000
2797,1.000
2798,2.000
2799,1.000
2800,1.000
2801,-4.500
2802,2.000
2803,1.000
2804,1.000
2805,1.000
2806,1.500
2807,1.000
2808,1.500
2809,1.000
2810,1.000
2811,-6.333
2812,2.000
2813,1.500
2814,1.000
2815,-4.000
2816,1.000
2817,2.333
2818,1.000
2819,1.333
2820,1.000
2821,2.750
2822,1.250
2823,-0.500
2824,1.000
2825,1.000
2826,1.000
2827,1.000
2828,1.000
2829,1.000
2830,1.000
2831,2.000
2832,1.000
2833,1.000
2834,1.000
2835,1.563
2836,1.000
2837,1.500
2838,4.000
2839,1.500
2840,1.333
2841,2.000
2843,1.000
2844,1.000
2845,2.667
2846,4.000
2847,3.000
2848,1.391
2849,1.000
2850,2.000
2851,1.000
2852,1.667
2853,1.000
2854,2.000
2856,1.000
2857,1.000
2858,1.500
2859,1.300
2860,1.000
2861,1.857
2862,1.000
2863,-10.000
2864,1.000
2865,1.000
2866,-0.333
2867,1.800
2868,-2.750
2869,1.000
2870,5.500
2871,0.000
2872,1.000
2873,2.000
2874,1.333
2875,1.250
2876,1.500
2877,-0.600
2878,1.556
2879,-7.800
2880,1.667
2881,-8.167
2882,1.000
2883,1.000
2884,1.500
2885,2.000
2886,-5.000
2887,-10.000
2888,1.000
2889,1.200
2890,3.000
2891,-1.750
2892,1.700
2893,1.000
2894,1.000
2895,1.000
2896,4.000
2897,-0.408
2898,-0.667
2899,3.000
2900,1.000
2901,1.100
2902,5.000
2903,3.429
2904,2.000
2905,1.000
2906,1.167
2907,4.000
2908,2.000
2909,1.000
2910,1.000
2911,-4.500
2912,1.000
2913,2.000
2914,2.000
2915,1.000
2916,1.333
2917,1.000
2918,-1.000
2919,-4.500
2920,1.000
2921,-1.000
2922,1.000
2923,1.500
2924,1.000
2925,1.000
2926,-10.000
2927,1.000
2928,1.000
2929,0.400
2930,1.000
2931,1.000
2932,1.000
2933,1.750
2934,2.667
2935,-1.000
2936,1.000
2937,1.000
2939,1.000
2940,1.000
2941,1.000
2942,1.959
2943,1.500
2944,1.556
2945,1.000
2946,1.000
2947,1.000
2948,1.125
2949,2.000
2950,1.000
2952,1.500
2953,3.000
2954,5.000
2955,1.000
2956,1.000
2958,0.750
2959,1.000
2960,1.000
2961,2.000
2962,-0.067
2963,0.889
2964,3.333
2965,1.000
2966,3.500
2968,1.000
2969,1.500
2970,-10.000
2971,1.000
2972,1.000
2973,2.500
2974,-9.000
2975,1.000
2976,1.000
2977,1.438
2978,3.000
2980,1.500
2981,2.000
2982,1.000
2983,2.000
2984,1.000
2985,1.000
2986,1.000
2987,0.083
2988,1.000
2989,1.000
2990,1.000
2991,1.000
2992,-5.000
2993,1.000
2994,1.000
2995,1.000
2996,-10.000
2997,1.000
2998,1.000
2999,1.000
3000,1.500
3001,1.500
3002,1.143
3003,0.714
3005,2.000
3006,1.143
3008,1.000
3009,1.000
3010,1.000
3011,3.000
3012,1.000
3013,1.517
3015,-4.500
3016,2.333
3017,1.000
3018,2.688
3019,-8.333
3020,1.600
3021,1.000
3022,-10.000
3023,1.250
3024,1.500
3025,-0.500
3026,1.000
3027,-4.167
3028,1.000
3029,1.125
3030,1.000
3031,1.000
3032,6.000
3033,1.000
3034,1.000
3035,1.000
3036,-0.875
3037,1.000
3038,1.000
3040,1.382
3041,1.000
3042,4.000
3043,2.000
3044,1.000
3045,1.286
3046,1.000
3047,2.111
3048,1.000
3049,3.000
3050,1.750
3051,1.000
3052,1.000
3053,2.000
3054,1.667
3055,1.000
3056,3.000
3058,1.000
3059,-8.333
3060,1.000
3061,-10.000
3062,0.833
3063,1.167
3064,1.000
3065,1.000
3066,-4.000
3067,1.000
3068,1.000
3069,1.000
3070,1.000
3071,-1.000
3072,2.000
3073,1.000
3074,2.000
3075,1.000
3076,1.000
3077,1.000
3078,1.000
3079,2.000
3080,1.000
3081,1.000
3082,1.500
3083,1.000
3084,1.000
3085,1.000
3086,2.421
3087,1.000
3088,1.000
3089,1.000
3090,1.000
3091,2.000
3092,2.000
3093,1.000
3094,1.000
3095,1.000
3096,3.000
3097,2.000
3098,1.000
3099,1.444
3100,2.000
3101,3.000
3102,1.000
3103,2.750
3104,1.000
3105,1.400
3106,1.500
3107,2.000
3108,-10.000
3109,-10.000
3110,1.000
3111,1.000
3112,1.000
3113,1.813
3114,1.000
3115,1.000
3116,-1.000
3117,1.000
3118,1.000
3119,2.200
3120,1.333
3121,2.000
3122,1.000
3123,2.000
3124,1.000
3125,10.000
3126,3.000
3127,1.000
3128,1.000
3129,2.941
3130,1.000
3131,1.000
3132,1.000
3133,1.000
3134,1.000
3135,1.000
3136,2.556
3137,1.500
3138,1.000
3139,1.000
3140,1.000
3141,2.000
3142,2.000
3143,2.500
3144,-10.000
3145,2.000
3146,1.300
3147,1.000
3148,1.000
3149,2.000
3150,2.000
3151,1.000
3153,1.000
3154,1.000
3155,1.000
3156,1.000
3157,8.000
3158,1.000
3159,-10.000
3160,1.400
3161,2.150
3162,1.000
3163,1.000
3164,1.000
3165,1.000
3166,1.000
3167,-10.000
3168,2.300
3169,1.000
3170,2.000
3171,1.000
3172,1.714
3173,1.000
3174,5.000
3175,1.000
3176,1.000
3177,1.000
3178,-4.500
3179,1.000
3180,1.000
3181,1.000
3182,-1.200
3183,1.000
3184,1.500
3185,2.000
3187,2.000
3188,1.000
3189,2.750
3190,0.333
3191,1.000
3192,1.000
3193,-4.400
3194,1.333
3195,1.200
3196,1.000
3197,-1.700
3198,5.333
3199,1.000
3200,1.000
3201,1.000
3202,1.000
3203,1.000
3204,1.000
3205,1.000
3206,1.000
3207,2.250
3208,1.636
3209,1.250
3210,-4.000
3211,1.000
3212,1.000
3213,1.000
3214,2.400
3215,1.000
3216,1.000
3217,1.000
3218,1.000
3219,3.043
3220,2.000
3221,1.000
3222,1.000
3223,2.450
3224,1.000
3225,1.750
3226,1.000
3227,1.000
3228,1.000
3229,1.071
3230,1.000
3231,1.000
3232,-1.000
3233,-0.200
3234,1.000
3235,2.000
3236,2.833
3237,1.083
3238,3.000
3239,2.056
3240,1.000
3241,1.500
3242,1.600
3243,2.000
3244,2.000
3245,1.000
3246,3.250
3247,4.000
3248,1.500
3249,1.000
3250,2.333
3251,1.000
3252,1.667
3253,1.000
3254,1.333
3255,3.000
3256,1.000
3257,1.750
3258,-3.500
3259,-1.750
3260,2.875
3261,1.000
3262,1.500
3263,3.000
3264,2.000
3265,1.000
3266,1.000
3267,-0.500
3268,1.500
3269,1.500
3270,-0.625
3271,1.000
3272,1.333
3273,-3.800
3274,1.000
3275,1.000
3276,0.500
3277,1.500
3278,3.333
3279,1.000
3280,1.000
3281,8.000
3283,1.000
3284,1.000
3285,1.000
3286,1.000
3287,-6.333
3288,1.000
3289,1.000
3290,1.000
3291,3.000
3292,1.667
3293,3.333
3294,1.000
3295,1.500
3296,1.000
3297,1.000
3298,1.000
3299,-4.000
3300,3.000
3301,1.000
3302,2.000
3303,1.000
3304,1.000
3305,1.000
3306,1.000
3307,2.000
3308,1.000
3309,3.500
3310,3.000
3311,3.000
3312,2.000
3313,1.500
3314,-7.625
3315,1.500
3316,1.600
3317,1.400
3318,1.000
3319,2.056
3320,2.500
3321,1.200
3322,1.000
3323,1.000
3324,1.000
3325,1.000
3326,1.444
3327,1.667
3328,1.667
3329,1.500
3331,1.000
3332,1.000
3333,-6.429
3334,1.000
3335,1.556
3336,1.000
3337,1.000
3338,1.000
3340,1.000
3341,-0.875
3342,2.000
3343,1.000
3344,1.000
3345,0.125
3346,1.333
3347,1.000
3348,1.000
3349,2.000
3351,1.000
3352,1.500
3353,1.571
3354,1.000
3355,3.500
3357,0.800
3358,1.000
3359,1.500
3360,1.000
3361,1.000
3362,1.000
3363,1.333
3364,1.000
3365,1.000
3366,1.354
3367,2.600
3368,2.000
3369,2.000
3370,1.500
3371,-10.000
3372,-10.000
3373,-6.500
3374,2.000
3375,3.000
3376,-5.500
3377,5.667
3378,-6.000
3379,1.000
3380,-0.333
3381,1.000
3382,1.000
3383,1.000
3384,-6.500
3385,1.250
3387,1.000
3388,1.000
3389,1.923
3390,1.000
3391,1.000
3392,1.333
3393,1.000
3394,3.400
3395,4.000
3396,1.000
3397,3.000
3398,2.000
3399,-4.500
3400,1.000
3401,1.000
3403,-2.000
3404,2.182
3405,1.000
3406,4.000
3407,1.000
3408,2.250
3409,-10.000
3410,-3.333
3411,1.000
3412,1.000
3413,1.200
3414,2.000
3415,4.000
3416,8.000
3417,1.250
3418,1.000
3419,2.000
3420,1.000
3421,1.000
3422,1.000
3423,1.000
3424,1.000
3425,3.500
3426,1.000
3427,1.667
3428,2.500
3429,2.125
3430,1.000
3431,-5.000
3432,-5.000
3433,1.667
3434,1.000
3435,1.000
3436,-6.500
3437,2.000
3438,1.500
3439,1.000
3440,1.000
3441,1.667
3442,1.000
3443,1.000
3444,-0.600
3445,1.680
3446,1.000
3447,1.000
3448,1.667
3449,-1.750
3450,2.667
3451,1.380
3452,1.333
3453,1.000
3454,3.000
3455,1.000
3456,2.500
3457,1.000
3458,1.000
3459,1.500
3460,1.000
3462,2.000
3463,-1.833
3464,2.000
3465,1.486
3466,-5.750
3467,1.000
3468,1.000
3469,1.000
3470,2.143
3471,2.000
3472,-10.000
3473,-10.000
3474,2.500
3475,1.500
3476,1.375
3477,1.000
3478,2.500
3479,2.000
3480,1.000
3481,3.250
3482,3.000
3483,5.500
3484,10.000
3485,1.000
3486,1.000
3487,0.909
3488,4.000
3489,0.750
3490,0.857
3491,1.000
3492,2.000
3493,2.000
3494,1.000
3495,1.000
3496,1.500
3497,1.000
3498,-10.000
3499,1.000
3500,2.429
3501,1.000
3502,1.000
3503,2.000
3504,2.857
3505,1.000
3506,1.400
3507,1.000
3508,1.000
3509,1.000
3510,1.000
3511,2.500
3512,0.333
3513,0.875
3514,1.000
3515,-2.667
3516,-5.000
3517,1.000
3518,2.000
3519,1.333
3520,2.333
3521,1.000
3522,1.000
3523,1.000
3524,1.000
3525,3.000
3526,1.750
3527,2.259
3528,1.333
3529,2.000
3531,-0.875
3532,1.000
3533,1.167
3534,1.500
3535,2.000
3536,1.000
3537,1.000
3538,1.250
3539,2.400
3540,5.500
3541,3.500
3542,1.000
3543,0.800
3544,2.000
3545,1.875
3546,1.000
3547,1.600
3548,1.333
3549,1.125
3550,2.000
3551,1.000
3552,6.500
3553,-2.500
3554,-2.500
3555,0.000
3556,-2.500
3557,-2.500
3558,-2.500
3559,2.000
3560,-10.000
3561,1.333
3562,-0.750
3563,0.000
3564,0.000
3565,0.000
3566,-1.000
3567,-1.000
3568,1.667
3569,-1.000
3570,-2.500
3571,1.333
3572,1.792
3573,1.000
3574,1.833
3575,3.000
3577,1.500
3578,0.848
3579,1.000
3580,1.500
3581,1.571
3582,1.000
3583,1.333
3584,1.000
3585,2.000
3586,1.500
3587,1.000
3588,1.000
3589,3.000
3590,1.200
3591,3.000
3592,2.667
3593,2.000
3594,1.000
3595,5.000
3596,1.000
3597,3.000
3598,1.770
3599,1.000
3600,0.923
3601,2.000
3602,1.000
3603,1.500
3604,1.000
3605,1.000
3606,1.000
3607,1.000
3608,2.000
3609,1.000
3610,1.000
3611,1.636
3612,4.000
3613,3.000
3614,1.000
3615,1.000
3616,1.000
3617,1.000
3618,1.500
3619,-10.000
3620,1.400
3621,1.125
3622,2.000
3623,2.000
3624,1.000
3625,1.000
3626,1.667
3627,6.000
3628,1.500
3629,1.200
3630,3.652
3631,1.000
3632,1.667
3633,1.000
3634,1.000
3635,1.000
3636,1.000
3637,1.000
3639,1.000
3640,1.538
3641,1.333
3642,2.556
3643,1.000
3644,3.000
3645,1.000
3646,0.091
3647,1.000
3648,1.400
3649,1.740
3650,2.000
3651,5.000
3652,1.000
3653,1.280
3654,1.000
3655,2.273
3656,1.667
3657,1.000
3658,3.000
3659,1.000
3660,-1.250
3661,1.000
3662,1.000
3663,1.000
3664,2.500
3665,-10.000
3666,1.400
3667,2.000
3668,1.000
3669,1.865
3670,4.000
3671,1.000
3672,-1.000
3673,1.000
3674,1.000
3675,2.000
3676,1.000
3677,1.000
3678,1.000
3679,1.000
3680,1.000
3681,1.000
3682,1.200
3683,1.500
3684,1.000
3685,2.000
3686,1.000
3687,1.000
3688,2.000
3689,4.000
3690,1.000
3691,1.000
3692,1.000
3693,1.000
3694,1.000
3695,1.333
3696,1.333
3697,0.000
3698,1.000
3699,1.125
3700,2.000
3701,2.000
3702,1.000
3703,2.000
3704,1.000
3705,1.000
3706,1.000
3707,1.421
3708,2.000
3709,1.000
3710,1.000
3711,-8.000
3712,1.000
3713,1.500
3714,2.250
3715,1.167
3716,1.000
3717,1.000
3718,1.000
3719,0.459
3720,1.000
3721,2.000
3722,-0.565
3723,2.571
3724,2.182
3725,1.846
3726,1.000
3727,1.000
3728,1.000
3729,1.000
3730,1.000
3731,5.500
3732,1.000
3733,2.000
3734,2.875
3735,2.426
3736,4.000
3737,2.000
3738,0.632
3739,1.000
3740,1.500
3741,1.000
3742,1.000
3743,-0.667
3744,-8.333
3745,1.000
3746,1.895
3747,1.000
3748,5.000
3749,1.000
3750,1.467
3751,1.000
3752,1.000
3753,1.000
3754,1.000
3755,1.000
3756,-6.190
3757,-6.190
3758,1.000
3759,-7.500
3760,-8.824
3761,1.000
3762,1.000
3763,1.000
3764,0.857
3765,1.000
3766,1.333
3767,0.231
3768,1.000
3769,3.250
3770,1.000
3771,1.000
3772,1.200
3773,1.000
3774,1.000
3775,1.000
3776,-1.600
3777,2.000
3778,2.000
3779,1.000
3780,2.000
3781,2.185
3782,1.000
3783,1.333
3784,1.000
3785,-10.000
3786,-10.000
3787,-10.000
3788,-10.000
3789,-10.000
3790,-10.000
3791,-10.000
3792,-10.000
3793,-10.000
3794,-10.000
3795,-10.000
3796,1.000
3797,-0.818
3798,1.000
3799,1.000
3800,1.200
3801,1.250
3802,2.500
3803,1.000
3804,1.972
3805,1.000
3806,1.000
3807,0.750
3808,1.000
3810,1.571
3811,1.000
3812,-1.000
3813,3.400
3814,1.500
3815,2.000
3816,1.500
3817,1.500
3818,1.000
3819,1.000
3820,1.981
3821,3.000
3822,1.000
3823,1.000
3824,1.429
3825,1.000
3826,1.500
3827,1.000
3828,1.929
3829,1.000
3830,1.167
3831,0.500
3832,1.000
3834,3.000
3835,1.000
3836,1.000
3837,2.608
3838,1.000
3839,1.000
3840,2.000
3841,-1.600
3842,1.000
3843,1.500
3844,1.000
3845,1.667
3846,1.400
3847,2.000
3848,1.000
3849,1.000
3850,1.000
3851,2.000
3852,3.000
3853,1.000
3854,1.438
3855,1.000
3856,1.667
3857,-7.250
3858,1.000
3859,8.000
3860,1.000
3861,7.500
3862,1.500
3863,2.000
3864,1.125
3865,0.000
3866,-10.000
3867,1.000
3868,1.000
3869,1.750
3870,1.000
3871,1.000
3872,1.800
3873,1.000
3874,1.000
3875,2.400
3876,9.000
3877,1.000
3878,1.745
3879,1.333
3880,1.759
3881,2.000
3882,1.000
3883,1.000
3884,1.500
3885,1.000
3886,1.000
3887,2.000
3888,10.000
3889,-1.000
3890,2.000
3891,1.000
3892,1.458
3893,1.600
3894,3.000
3895,1.000
3896,1.000
3897,-0.359
3898,4.750
3899,2.000
3900,1.000
3901,1.857
3902,1.500
3903,1.000
3904,1.500
3905,1.000
3906,1.000
3907,1.000
3908,1.000
3909,1.500
3910,1.111
3911,3.000
3912,3.000
3913,2.000
3914,1.000
3915,1.000
3916,1.437
3917,2.000
3918,1.000
3919,1.800
3920,-8.000
3921,2.000
3922,1.333
3923,1.333
3924,2.000
3925,1.000
3926,2.400
3927,3.000
3928,1.250
3929,1.000
3930,1.000
3931,1.000
3932,1.000
3933,1.000
3934,1.000
3935,2.143
3936,1.000
3937,1.000
3938,1.000
3939,1.000
3940,1.000
3941,1.000
3942,1.000
3943,1.000
3944,1.000
3945,1.000
3946,1.000
3947,1.000
3948,1.000
3949,1.000
3950,1.000
3951,1.000
3952,1.000
3953,1.000
3954,1.000
3955,1.000
3956,1.500
3957,3.400
3958,1.000
3959,1.000
3960,1.500
3961,1.000
3962,1.000
3963,1.000
3964,1.000
3965,1.000
3966,1.400
3967,1.000
3968,1.000
3969,1.000
3970,1.000
3971,1.222
3972,1.000
3973,1.000
3974,7.000
3975,10.000
3976,2.346
3977,1.000
3978,1.000
3979,1.000
3980,1.111
3981,1.667
3982,3.000
3983,1.000
3984,3.000
3985,1.000
3986,2.182
3987,2.000
3988,1.400
3989,0.667
3990,3.250
3991,2.000
3992,1.333
3993,-10.000
3994,2.000
3995,1.000
3996,9.000
3997,1.000
3998,3.000
3999,1.000
4000,1.000
4001,1.000
4002,2.000
4003,1.000
4004,1.125
4005,1.333
4006,1.000
4007,3.500
4008,-6.333
4010,1.000
4011,1.375
4012,1.000
4013,1.000
4014,1.000
4015,1.000
4016,1.000
4017,2.500
4018,1.000
4019,1.000
4020,1.000
4022,1.000
4023,1.000
4024,1.750
4025,0.000
4026,0.600
4027,1.800
4028,1.000
4029,1.000
4030,1.000
4031,1.556
4032,2.000
4033,1.000
4034,1.000
4035,3.500
4036,2.833
4037,1.000
4038,-0.355
4039,1.000
4040,1.000
4041,1.000
4042,1.000
4043,1.000
4044,1.000
4045,3.000
4046,1.000
4047,1.000
4048,1.000
4049,1.000
4050,1.000
4051,1.000
4052,1.000
4053,1.000
4054,1.000
4055,1.333
4056,1.000
4057,1.000
4058,2.000
4059,1.000
4060,0.000
4061,1.000
4062,1.000
4063,1.000
4064,1.000
4065,-10.000
4066,1.000
4067,1.000
4068,1.000
4069,1.000
4070,1.000
4071,1.000
4072,1.000
4073,1.000
4074,1.000
4075,-2.833
4076,1.000
4077,1.000
4078,1.000
4079,1.000
4080,4.500
4081,-10.000
4082,1.000
4083,1.000
4084,-1.889
4085,1.000
4086,1.000
4087,1.000
4088,1.167
4089,1.000
4090,1.667
4091,1.000
4092,1.000
4093,1.000
4094,1.000
4095,3.000
4096,1.000
4097,1.000
4098,3.000
4099,1.000
4100,-10.000
4101,1.500
4102,1.000
4103,1.333
4104,1.000
4105,1.000
4106,1.000
4107,2.220
4108,1.000
4109,1.000
4110,-4.500
4111,1.000
4112,1.000
4113,1.000
4114,1.813
4115,3.000
4116,1.000
4117,1.000
4118,1.286
4119,2.190
4120,1.000
4121,1.000
4122,0.111
4123,1.000
4124,1.000
4125,1.333
4126,1.000
4127,1.000
4128,1.000
4129,1.000
4130,1.000
4131,1.333
4133,1.000
4134,1.000
4135,1.000
4136,0.286
4137,1.000
4138,-10.000
4139,2.250
4140,1.000
4141,2.000
4142,2.000
4143,1.000
4144,9.000
4145,1.000
4146,1.000
4147,1.000
4148,1.000
4149,1.000
4150,3.000
4151,1.000
4152,1.667
4153,1.000
4154,2.000
4155,3.000
4156,1.000
4157,3.000
4158,1.000
4159,1.000
4160,2.000
4161,1.000
4162,1.500
4163,0.214
4164,4.000
4165,1.000
4166,2.000
4167,2.500
4168,5.000
4169,1.200
4170,1.000
4171,1.000
4172,2.126
4174,1.000
4175,1.000
4176,2.000
4177,1.000
4178,1.000
4179,0.750
4180,1.000
4181,2.500
4182,-10.000
4183,1.000
4184,-0.833
4185,1.000
4186,2.000
4187,4.000
4188,1.200
4189,1.250
4190,2.000
4191,1.000
4192,1.000
4195,2.000
4196,1.333
4197,2.049
4198,1.000
4199,1.000
4200,1.000
4201,1.000
4202,1.000
4203,1.000
4204,1.857
4205,3.100
4206,1.200
4207,2.000
4208,1.000
4209,1.154
4210,1.000
4211,1.143
4212,1.000
4213,1.250
4214,1.667
4215,1.000
4216,1.000
4217,1.750
4218,1.000
4219,1.000
4220,1.000
4221,1.000
4222,3.000
4224,2.000
4225,2.000
4226,1.000
4227,1.333
4228,1.500
4229,1.000
4230,1.000
4231,1.167
4232,1.000
4233,2.200
4234,1.000
4235,0.400
4236,0.941
4237,3.500
4238,2.545
4239,1.000
4240,2.000
4241,1.000
4242,1.000
4243,1.000
4244,0.400
4245,3.000
4246,1.000
4247,2.000
4248,5.000
4249,2.000
4250,1.000
4251,-1.833
4252,1.800
4253,2.000
4254,1.000
4255,1.000
4256,1.000
4257,10.000
4258,1.500
4259,4.000
4261,10.000
4262,1.000
4263,1.000
4264,1.333
4265,1.000
4266,1.737
4267,0.125
4268,1.000
4269,0.000
4270,1.000
4271,1.000
4273,1.333
4274,1.000
4275,-10.000
4276,1.000
4277,2.000
4278,1.333
4279,-3.455
4280,2.000
4281,1.842
4282,1.000
4283,2.000
4284,1.526
4285,1.222
4286,1.000
4287,2.000
4288,1.250
4289,1.000
4290,-3.667
4291,2.278
4292,1.000
4293,1.000
4294,1.000
4295,1.000
4296,1.500
4297,2.200
4298,1.000
4299,1.000
4300,1.000
4301,1.778
4302,1.000
4303,1.000
4304,2.000
4305,1.000
4306,1.000
4307,1.000
4308,3.375
4309,1.000
4310,2.000
4311,2.000
4312,1.000
4313,1.000
4314,1.000
4315,2.419
4316,1.000
4317,1.000
4318,3.000
4319,2.000
4320,1.645
4321,1.000
4322,1.500
4323,1.000
4324,-1.000
4325,1.000
4326,-7.500
4327,2.000
4328,1.000
4329,1.000
4330,-0.833
4331,1.500
4333,1.000
4334,1.667
4335,1.667
4336,1.667
4337,1.000
4338,1.000
4339,1.000
4340,1.000
4341,1.000
4342,1.000
4343,1.000
4344,-10.000
4345,1.000
4346,1.000
4347,1.000
4348,8.000
4349,1.000
4350,-6.929
4351,1.000
4352,3.000
4353,1.000
4354,4.000
4355,1.000
4356,5.667
4357,1.000
4358,1.000
4359,1.000
4360,1.438
4361,1.200
4362,3.000
4363,1.667
4364,1.000
4365,1.619
4366,1.000
4367,1.000
4368,1.000
4369,1.000
4370,2.462
4371,1.000
4372,3.000
4373,1.000
4374,1.000
4375,-1.500
4376,1.000
4377,1.000
4378,1.000
4379,0.818
4380,1.500
4381,1.000
4382,0.462
4383,-4.500
4384,1.000
4385,0.765
4386,2.000
4387,1.000
4388,1.000
4389,1.200
4390,1.000
4391,2.000
4392,2.500
4393,7.000
4394,1.500
4395,5.500
4396,8.000
4397,1.000
4398,1.167
4399,1.000
4400,1.370
4401,1.000
4402,1.548
4403,2.000
4404,-10.000
4405,-2.667
4406,-1.250
4407,2.500
4409,1.250
4410,-1.000
4411,1.000
4412,1.000
4413,-4.500
4414,1.000
4415,1.500
4416,1.000
4417,1.000
4418,1.500
4419,1.250
4420,1.333
4421,-1.800
4422,1.000
4423,1.000
4424,0.917
4425,1.000
4426,1.000
4427,-6.333
4428,1.000
4429,1.000
4430,1.667
4431,1.000
4432,-6.333
4433,1.000
4434,-0.538
4435,1.000
4436,1.000
4437,1.000
4438,-10.000
4439,1.000
4440,1.000
4441,1.000
4442,1.000
4443,-10.000
4444,1.000
4446,2.000
4447,1.000
4448,2.000
4449,1.000
4450,-2.000
4451,1.000
4452,1.625
4453,2.000
4454,1.000
4455,1.000
4456,1.000
4457,1.000
4458,-3.889
4459,1.667
4460,2.500
4461,1.500
4462,1.250
4463,1.500
4464,1.000
4465,1.000
4466,1.000
4467,2.000
4468,1.000
4469,1.000
4470,1.000
4471,1.000
4472,1.000
4473,1.000
4474,1.000
4475,1.000
4476,1.000
4477,1.000
4478,-0.400
4479,1.500
4480,3.000
4481,1.000
4482,2.500
4483,0.000
4484,1.000
4485,1.000
4486,1.000
4487,1.000
4488,1.000
4489,1.571
4490,0.400
4491,1.000
4492,-10.000
4493,1.750
4494,1.000
4495,1.000
4496,1.000
4497,2.000
4498,1.000
4499,1.921
4501,-6.500
4502,-10.000
4503,1.000
4504,1.500
4505,1.500
4506,1.000
4507,1.500
4508,1.000
4509,1.000
4511,1.375
4512,2.000
4513,1.000
4514,1.333
4515,1.745
4516,1.000
4517,-1.000
4518,2.385
4519,1.273
4520,1.000
4521,2.444
4522,2.100
4523,1.750
4524,-2.000
4525,1.000
4526,1.000
4527,-4.500
4528,-4.500
4529,1.667
4530,1.000
4531,-9.200
4532,1.606
4533,1.000
4534,1.000
4535,-10.000
4536,1.000
4537,1.000
4538,2.000
4539,1.000
4540,3.250
4541,1.000
4542,1.000
4543,-2.000
4544,-10.000
4545,-4.500
4546,-1.500
4547,1.000
4548,1.000
4549,1.000
4550,-1.000
4551,1.500
4552,1.000
4553,1.385
4554,1.242
4555,1.000
4556,-8.750
4557,1.000
4558,1.500
4559,0.720
4560,-10.000
4562,1.615
4563,-1.750
4564,1.000
4565,0.750
4566,-3.333
4567,-1.000
4568,1.000
4569,1.000
4570,0.600
4571,-1.750
4572,2.000
4573,2.750
4574,-4.500
4576,1.000
4577,2.000
4578,1.000
4579,1.750
4580,1.000
4581,1.000
4582,1.000
4583,1.000
4584,1.286
4585,1.000
4586,1.000
4587,-6.333
4588,1.000
4589,1.000
4591,1.000
4592,-1.833
4593,1.333
4594,1.000
4595,0.500
4596,1.000
4597,-2.667
4598,-3.333
4599,-0.125
4600,1.000
4601,1.600
4602,2.000
4603,-4.500
4604,2.500
4605,1.200
4606,1.000
4607,1.000
4608,1.429
4609,-4.250
4610,1.667
4611,1.861
4612,1.000
4613,-4.500
4614,-4.500
4615,4.000
4616,1.500
4617,1.000
4618,3.667
4619,1.000
4620,3.000
4621,-4.500
4622,-2.667
4623,3.000
4624,1.000
4625,-0.833
4626,1.000
4627,-10.000
4628,2.000
4629,1.000
4630,1.000
4631,2.000
4632,1.400
4633,1.000
4634,2.000
4635,-1.373
4636,1.500
4637,-7.250
4638,0.000
4639,10.000
4640,1.000
4641,1.000
4642,1.000
4643,1.000
4644,1.000
4645,-7.462
4646,1.500
4647,-4.500
4648,1.444
4649,2.029
4650,1.000
4651,1.000
4652,1.000
4653,1.000
4654,-7.440
4655,-4.500
4656,-6.333
4657,1.000
4658,1.000
4659,-4.000
4660,1.000
4661,-7.571
4662,1.500
4663,1.000
4664,0.500
4665,1.000
4666,-7.714
4667,-5.500
4668,-8.750
4669,-8.750
4670,1.000
4671,1.000
4672,-9.389
4673,-6.708
4674,1.000
4675,-7.000
4676,-8.263
4677,-8.706
4678,-7.800
4679,-7.905
4680,-7.905
4681,-8.000
4682,-7.800
4683,-4.636
4684,-6.700
4685,1.000
4686,-6.680
4687,-6.333
4688,-6.652
4689,1.000
4690,2.000
4691,1.000
4692,1.000
4693,0.000
4694,0.513
4695,1.000
4696,2.000
4697,-0.333
4698,-4.200
4699,1.333
4700,1.000
4701,-8.706
4702,1.000
4703,1.000
4704,-10.000
4705,1.000
4706,-10.000
4707,-3.515
4708,-5.750
4709,1.167
4710,1.000
4711,1.000
4712,1.000
4713,1.000
4714,1.500
4715,1.000
4716,1.000
4717,1.500
4718,1.000
4719,1.000
4720,1.000
4721,1.000
4722,1.000
4723,1.000
4724,1.000
4725,1.000
4726,1.000
4727,1.000
4728,1.000
4729,-10.000
4730,1.000
4731,-1.750
4732,-0.900
4733,-3.069
4734,2.000
4735,-0.800
4736,-4.500
4737,-10.000
4738,3.000
4739,-10.000
4740,-2.667
4741,-4.333
4742,-4.667
4743,-8.625
4744,-9.421
4745,-4.500
4746,-3.727
4747,-10.000
4748,-6.143
4749,1.000
4750,1.000
4751,-10.000
4752,2.000
4753,2.100
4754,1.000
4755,1.500
4756,-0.400
4757,2.000
4758,1.000
4759,1.000
4760,1.000
4761,3.000
4762,1.286
4763,1.000
4764,1.000
4765,1.000
4766,-10.000
4767,1.000
4768,1.000
4769,1.000
4770,1.000
4771,1.167
4772,1.000
4773,1.000
4774,1.000
4775,-4.500
4776,-4.500
4777,-4.500
4778,1.000
4779,1.444
4780,2.250
4781,1.000
4782,1.000
4783,1.000
4784,1.000
4785,1.000
4786,1.000
4787,1.316
4788,2.455
4789,-4.500
4790,1.000
4791,-2.000
4792,1.000
4793,-10.000
4794,1.000
4795,-0.500
4796,-4.500
4797,1.000
4798,1.000
4799,1.000
4800,1.000
4801,4.000
4802,-4.000
4803,1.000
4804,-4.500
4805,1.000
4806,1.000
4807,1.000
4808,1.000
4809,1.000
4810,1.000
4811,6.000
4812,-4.500
4813,1.000
4814,-3.400
4815,3.000
4816,1.000
4818,-4.500
4820,1.000
4821,1.000
4822,1.000
4823,10.000
4824,10.000
4825,1.000
4826,1.000
4828,1.143
4829,1.000
4830,1.500
4831,-10.000
4832,1.000
4833,1.963
4834,1.000
4835,-4.333
4836,1.000
4837,1.500
4838,1.286
4839,1.000
4840,0.313
4841,1.714
4842,1.000
4843,-10.000
4844,-1.625
4845,4.000
4846,1.000
4847,1.000
4848,1.000
4849,1.000
4850,1.250
4851,1.000
4852,1.900
4853,-8.500
4854,1.000
4855,4.000
4856,2.000
4857,0.000
4858,-3.000
4859,1.000
4860,1.950
4861,1.000
4862,1.000
4863,1.000
4864,1.000
4865,2.000
4866,1.000
4867,1.241
4868,-8.000
4869,3.000
4870,-8.714
4871,-4.500
4872,1.000
4873,1.000
4874,2.000
4875,1.519
4876,1.000
4877,1.000
4878,1.000
4879,1.667
4880,3.500
4881,1.500
4882,1.333
4883,-1.500
4884,1.882
4886,1.000
4887,1.000
4888,-1.000
4889,3.000
4890,-1.048
4891,1.000
4892,1.000
4893,1.333
4894,1.000
4895,4.000
4896,1.000
4897,1.857
4898,-2.000
4899,-1.308
4900,1.000
4901,-10.000
4902,5.000
4903,1.000
4904,1.500
4905,1.000
4906,1.000
4907,0.167
4908,1.000
4909,-1.000
4910,-1.000
4911,-1.000
4912,-1.000
4913,-1.000
4914,-1.000
4915,1.000
4916,1.000
4917,2.000
4918,4.000
4919,-2.667
4920,1.000
4921,1.793
4922,2.200
4923,1.000
4924,1.500
4925,1.500
4926,0.000
4927,1.000
4928,1.000
4929,1.000
4930,1.000
4931,1.000
4932,0.500
4933,1.500
4934,-2.333
4935,1.000
4936,1.000
4937,1.636
4938,1.600
4939,1.000
4940,2.500
4941,3.000
4942,1.250
4943,1.500
4944,1.000
4945,1.000
4946,1.000
4947,1.000
4948,1.000
4949,1.000
4950,1.000
4951,1.000
4952,1.000
4953,1.000
4954,1.000
4955,1.000
4956,1.000
4957,1.000
4958,1.000
4959,1.000
4960,7.000
4961,1.000
4962,1.000
4963,1.000
4964,1.000
4965,-1.750
4966,-4.500
4967,-6.333
4968,1.000
4969,1.000
4970,1.000
4971,2.000
4972,1.000
4973,1.000
4974,2.000
4975,1.000
4976,1.000
4977,-10.000
4978,1.000
4979,2.000
4980,-1.750
4981,1.000
4982,1.000
4983,0.222
4984,1.000
4985,1.000
4986,-1.857
4987,1.000
4988,-0.500
4989,1.000
4990,1.000
4991,-5.000
4992,1.000
4993,1.000
4994,1.000
4995,1.000
4996,-1.200
4997,1.000
4998,1.000
4999,1.000
5000,-1.000
5001,1.000
5002,1.000
5003,1.000
5004,1.000
5005,1.750
5006,1.000
5007,-2.667
5008,1.000
5009,1.000
5010,2.000
5011,1.000
5012,1.000
5013,1.458
5014,3.667
5015,-0.500
5016,1.500
5017,1.000
5018,1.000
5019,1.000
5020,1.000
5021,-4.600
5022,1.000
5023,1.000
5024,1.000
5025,1.158
5026,1.000
5027,-4.375
5028,1.875
5029,4.200
5030,4.000
5031,1.000
5032,10.000
5033,1.000
5034,1.000
5035,1.000
5036,-10.000
5037,-4.000
5038,2.000
5039,-2.000
5040,1.000
5041,1.200
5042,1.000
5043,1.000
5044,1.333
5045,1.000
5046,3.500
5047,1.000
5048,1.000
5049,1.000
5050,2.000
5051,-10.000
5052,1.000
5053,1.000
5054,2.000
5055,1.000
5056,1.500
5057,1.000
5058,1.000
5059,0.600
5060,1.000
5061,1.000
5062,-8.000
5063,-1.500
5064,1.143
5065,1.938
5066,-6.500
5067,-1.000
5068,-0.500
5069,-0.125
5070,-0.375
5071,0.375
5072,-1.286
5073,1.000
5074,1.500
5075,1.000
5076,-2.667
5077,-5.000
5078,4.000
5079,1.750
5080,-2.250
5081,-5.500
5082,-1.000
5083,-10.000
5084,1.000
5085,2.000
5086,0.600
5087,1.000
5088,1.000
5089,1.000
5090,1.000
5091,1.000
5092,1.000
5093,1.000
5094,2.500
5095,1.000
5096,-4.500
5097,2.500
5098,1.000
5099,2.000
5100,-1.000
5101,1.250
5103,0.000
5104,1.000
5105,3.000
5106,-10.000
5107,-10.000
5108,-10.000
5109,-10.000
5110,-10.000
5111,-10.000
5112,-10.000
5113,-10.000
5114,-10.000
5115,-5.000
5116,-10.000
5117,1.000
5118,-2.000
5119,1.000
5120,1.000
5121,3.000
5122,1.000
5123,1.000
5124,1.000
5125,1.000
5126,1.000
5127,2.000
5128,1.000
5129,-5.000
5130,3.000
5131,1.000
5132,0.000
5133,1.000
5134,1.000
5135,1.000
5136,1.000
5137,1.000
5138,-1.000
5139,1.167
5140,1.000
5141,0.000
5142,-2.667
5143,1.500
5144,1.500
5145,1.000
5146,1.000
5147,-10.000
5148,-10.000
5149,-9.667
5150,-10.000
5151,3.000
5152,-10.000
5153,-10.000
5154,-10.000
5155,1.667
5156,1.000
5157,1.923
5158,1.000
5159,-10.000
5160,-10.000
5161,-10.000
5162,10.000
5163,10.000
5164,-10.000
5165,1.000
5166,-10.000
5167,-10.000
5168,-10.000
5169,-10.000
5170,-10.000
5171,-10.000
5172,-10.000
5173,-10.000
5174,-10.000
5175,1.571
5176,-10.000
5177,-10.000
5178,1.000
5179,4.000
5180,1.500
5181,-10.000
5182,-10.000
5183,1.000
5184,1.000
5185,-10.000
5186,-0.833
5187,1.000
5188,-10.000
5189,-10.000
5190,-10.000
5191,-10.000
5192,-3.250
5193,-7.556
5194,1.000
5195,-3.500
5196,-10.000
5197,-7.250
5198,-6.857
5199,-10.000
5200,-6.667
5201,-6.000
5202,-6.000
5203,-6.000
5204,-5.000
5205,-10.000
5206,-2.667
5207,-10.000
5208,1.000
5209,-10.000
5210,-10.000
5211,1.000
5212,2.286
5213,-3.250
5214,-10.000
5215,-2.500
5216,-3.667
5217,-5.750
5218,1.500
5219,1.000
5220,-1.000
5221,3.000
5222,-10.000
5223,-10.000
5224,1.200
5225,-10.000
5226,0.000
5227,1.349
5228,0.429
5229,1.000
5230,-10.000
5231,-1.778
5232,-2.000
5233,-2.000
5234,1.000
5235,-6.000
5236,1.000
5237,-0.400
5238,-10.000
5239,-3.000
5240,-0.667
5241,1.000
5242,2.000
5243,-5.500
5244,1.000
5245,0.333
5246,5.000
5247,1.000
5248,1.000
5249,1.000
5250,1.000
5251,1.250
5252,1.000
5253,2.000
5254,1.000
5255,1.500
5256,1.000
5257,1.000
5258,1.000
5259,3.000
5260,1.500
5261,1.000
5262,-2.000
5263,1.000
5264,1.000
5265,1.000
5267,1.000
5268,1.000
5269,1.000
5270,-6.000
5271,2.000
5272,1.000
5273,-2.000
5274,1.000
5275,1.333
5276,-2.000
5277,-1.000
5278,1.000
5279,1.000
5280,1.286
5281,-2.000
5282,1.000
5283,1.000
5284,10.000
5285,-6.000
5286,2.000
5287,3.667
5288,-2.000
5289,-2.000
5290,1.000
5291,-2.000
5292,1.000
5293,1.000
5294,1.333
5295,-2.000
5296,2.143
5297,5.333
5298,0.800
5299,4.000
5300,-5.000
5301,-2.000
5302,1.000
5303,-2.000
5304,-10.000
5305,-2.667
5306,1.000
5307,1.000
5308,1.000
5309,4.500
5310,1.333
5311,1.000
5312,-1.429
5313,-2.000
5314,-2.000
5315,1.000
5316,1.742
5317,1.571
5318,1.000
5319,-2.000
5320,-2.000
5321,1.000
5322,1.000
5323,-1.000
5324,-1.000
5325,-1.000
5326,-2.000
5327,-2.000
5328,-2.000
5329,-2.000
5330,-2.000
5331,-2.000
5332,-2.000
5333,-2.000
5334,-2.000
5335,-1.000
5336,-2.000
5337,-2.000
5338,-6.000
5339,1.667
5340,-2.000
5341,-2.000
5342,-2.000
5343,-1.000
5344,-2.000
5345,-2.667
5346,-4.333
5347,3.000
5348,1.000
5349,-2.000
5350,-2.000
5351,1.000
5352,1.000
5353,1.778
5354,-2.000
5355,1.000
5356,3.000
5357,-2.000
5358,1.000
5359,1.000
5360,1.333
5361,-2.000
5362,2.000
5363,-1.533
5364,-10.000
5365,1.000
5366,0.667
5367,-4.000
5368,1.667
5369,-2.000
5370,-10.000
5371,-10.000
5372,1.000
5373,-5.500
5374,-5.500
5375,-5.500
5376,-5.500
5377,-5.500
5378,-5.500
5379,-5.500
5380,-5.500
5381,-5.500
5382,-5.500
5383,1.000
5384,-0.750
5385,-1.000
5386,-1.000
5387,-1.000
5388,-1.000
5389,-1.000
5390,1.000
5391,-2.000
5392,-2.000
5393,1.000
5394,-1.000
5395,-5.500
5396,-6.500
5397,1.000
5398,1.000
5400,-1.000
5401,-1.000
5402,-1.000
5403,1.542
5404,5.500
5405,-2.000
5406,-2.000
5407,-2.000
5408,1.900
5409,1.000
5410,1.000
5411,3.000
5412,5.000
5413,1.611
5414,4.000
5415,4.333
5416,2.000
5417,1.000
5418,2.000
5419,1.000
5420,1.500
5421,-4.500
5422,4.500
5423,1.000
5424,5.000
5425,2.000
5426,1.000
5427,1.000
5428,1.333
5429,1.000
5430,-1.000
5431,-1.000
5432,0.500
5433,2.000
5434,2.000
5435,1.000
5436,-1.000
5437,1.000
5438,10.000
5439,3.250
5440,1.444
5441,-7.000
5442,3.000
5443,1.143
5444,1.000
5445,1.000
5446,-4.500
5447,-10.000
5448,-4.500
5449,1.900
5450,1.250
5451,2.000
5452,-1.000
5453,1.000
5454,-10.000
5455,1.000
5456,1.000
5457,1.364
5458,3.714
5459,1.000
5460,1.000
5461,-10.000
5462,-5.000
5463,-5.000
5464,9.000
5465,1.000
5466,1.000
5467,-2.000
5468,1.000
5469,1.000
5470,1.000
5471,-6.833
5472,0.429
5473,0.500
5474,1.000
5475,1.000
5476,0.909
5477,-5.500
5478,1.250
5479,-4.143
5480,-3.857
5481,1.800
5482,1.000
5483,-3.667
5484,-5.250
5485,-4.667
5486,1.000
5487,1.000
5488,-10.000
5489,-6.333
5490,-4.500
5491,2.000
5492,4.000
5494,1.000
5495,1.000
5496,1.000
5497,1.000
5498,3.000
5499,1.000
5500,1.000
5501,-2.667
5502,1.000
5503,1.000
5504,1.000
5505,-4.333
5506,1.714
5507,4.000
5508,1.045
5510,1.286
5511,1.000
5512,-3.667
5513,1.000
5514,1.000
5515,1.500
5516,2.000
5517,1.000
5518,1.000
5519,1.000
5520,2.000
5521,3.500
5522,4.500
5523,1.429
5524,1.429
5525,0.474
5526,2.000
5527,1.000
5528,1.000
5529,1.889
5530,1.000
5531,1.000
5532,-10.000
5533,-7.000
5534,2.000
5536,1.000
5537,1.000
5538,1.000
5539,1.000
5540,1.000
5541,1.000
5542,1.000
5543,2.333
5544,-7.250
5545,1.000
5546,-10.000
5547,-10.000
5548,2.000
5549,-10.000
5550,1.000
5551,2.400
5552,1.500
5553,-5.286
5554,-2.250
5555,2.000
5556,-2.667
5557,1.000
5558,1.000
5559,1.000
5560,2.000
5561,-2.000
5563,1.000
5564,1.000
5565,1.333
5566,1.000
5567,1.000
5568,10.000
5569,2.556
5570,2.750
5571,1.000
5573,1.000
5574,-4.000
5575,-1.000
5576,-10.000
5577,1.000
5578,1.667
5579,1.000
5580,1.000
5581,1.500
5582,1.000
5583,1.000
5585,1.000
5586,1.000
5587,1.000
5588,1.000
5589,1.000
5590,4.800
5591,1.813
5592,1.000
5593,1.000
5594,0.500
5595,1.000
5596,0.333
5597,1.000
5598,1.000
5599,-10.000
5600,2.000
5601,1.000
5602,4.000
5603,1.000
5604,1.000
5605,1.000
5606,3.167
5607,3.000
5608,-2.286
5609,-1.286
5610,-1.750
5611,-3.333
5612,2.000
5613,1.143
5614,2.000
5615,1.000
5616,1.000
5617,1.000
5618,7.000
5619,5.500
5622,5.500
5623,4.889
5624,1.000
5625,1.000
5626,3.000
5627,1.000
5629,1.667
5630,1.000
5631,-1.200
5632,1.667
5633,1.000
5634,1.000
5635,-2.667
5636,2.333
5638,-5.500
5639,-1.000
5640,-5.500
5641,-10.000
5642,5.000
5643,1.000
5644,2.000
5645,2.000
5646,1.000
5647,2.500
5648,2.000
5649,1.429
5650,-10.000
5652,1.000
5653,1.000
5654,-3.889
5655,-0.167
5656,1.000
5657,1.000
5658,2.500
5659,3.000
5660,1.000
5661,4.400
5662,2.000
5663,1.000
5664,7.000
5665,3.000
5666,1.000
5667,1.000
5668,1.000
5669,1.000
5670,1.000
5672,1.000
5673,1.000
5674,1.000
5675,1.000
5676,0.000
5677,3.000
5678,1.000
5679,3.000
5680,2.000
5681,1.000
5682,1.000
5683,1.000
5684,3.000
5685,1.000
5686,-10.000
5687,1.000
5688,1.000
5689,1.400
5691,2.200
5692,1.000
5693,1.000
5694,1.000
5695,1.000
5698,-1.000
5699,2.000
5700,1.000
5701,3.000
5702,2.000
5703,1.000
5704,0.333
5705,3.000
5706,1.000
5707,1.250
5708,1.000
5709,-7.500
5710,1.000
5711,1.000
5712,0.840
5713,1.000
5714,1.000
5715,1.000
5718,-2.000
5719,-3.750
5720,10.000
5721,1.000
5722,1.000
5723,1.000
5724,1.000
5725,1.000
5726,-1.500
5729,4.167
5730,-4.750
5731,-4.250
5732,-4.250
5733,-6.667
5736,-4.500
5737,-10.000
5738,-10.000
5740,1.000
5741,4.000
5742,-10.000
5743,-3.500
5744,1.000
5745,6.000
5746,-7.500
5747,1.000
5748,1.000
5749,3.000
5750,-5.500
5752,1.000
5753,1.000
5754,-1.333
5755,1.000
5756,1.000
5757,1.000
5759,3.200
5760,5.000
5761,10.000
5762,5.750
5763,6.000
5764,5.000
5765,1.000
5766,2.000
5767,1.000
5768,2.000
5769,-1.000
5770,1.000
5772,5.000
5773,1.000
5774,1.000
5775,4.000
5776,-10.000
5777,1.000
5778,-1.000
5779,1.000
5780,-1.000
5781,1.000
5782,2.000
5783,1.000
5784,1.333
5785,1.000
5786,1.000
5788,6.500
5789,2.000
5790,9.000
5791,-10.000
5792,3.000
5793,3.000
5795,1.000
5796,1.000
5797,-1.000
5798,8.000
5799,0.250
5800,1.500
5801,-5.750
5802,1.000
5803,4.000
5804,-10.000
5805,1.000
5806,4.286
5807,1.000
5808,1.000
5809,1.000
5810,-1.000
5811,1.750
5813,1.000
5814,1.000
5815,1.000
5816,1.000
5817,-1.000
5818,1.000
5819,1.000
5820,1.000
5821,-1.000
5822,1.333
5823,1.000
5824,10.000
5825,1.125
5826,10.000
5827,1.400
5828,1.000
5829,1.000
5830,6.000
5831,2.000
5832,1.000
5833,4.000
5835,1.000
5836,3.000
5837,1.000
5838,1.000
5839,1.000
5840,2.000
5843,1.000
5844,1.000
5845,2.714
5846,0.000
5847,2.500
5848,1.000
5849,1.000
5850,1.000
5851,1.000
5852,1.000
5853,1.000
5854,1.000
5855,1.000
5856,1.000
5857,2.000
5858,1.000
5859,4.000
5860,5.000
5861,1.000
5862,1.000
5863,1.000
5864,1.000
5866,1.000
5867,1.000
5868,1.000
5869,0.000
5870,1.000
5871,-10.000
5872,-10.000
5873,-10.000
5874,-10.000
5875,-10.000
5876,2.500
5877,1.000
5878,1.000
5879,5.000
5880,1.000
5881,1.000
5882,2.500
5883,1.000
5884,1.000
5885,1.000
5886,1.500
5887,-10.000
5888,1.000
5889,1.000
5890,3.000
5891,1.000
5892,1.000
5893,1.000
5894,1.000
5895,1.000
5896,5.500
5897,1.000
5898,-10.000
5899,1.000
5900,1.667
5901,-10.000
5902,2.000
5903,1.000
5904,3.000
5905,-4.000
5906,1.000
5907,1.000
5908,1.000
5909,1.000
5910,1.000
5911,1.000
5912,5.000
5913,2.000
5914,-5.500
5915,3.000
5916,1.000
5917,1.200
5918,1.000
5919,1.000
5920,2.000
5921,1.231
5922,1.000
5923,1.000
5924,1.000
5925,2.000
5926,1.000
5927,1.000
5928,1.000
5929,8.000
5930,1.000
5931,1.000
5932,1.000
5933,1.000
5934,1.000
5935,1.000
5936,6.000
5937,1.000
5938,1.000
5939,1.000
5940,1.000
5941,1.000
5942,1.000
5943,3.000
5944,-10.000
5945,1.000
5946,-1.000
5947,1.333
5948,1.000
5949,3.400
5950,4.000
5951,4.000
5952,3.000
5953,1.000
5954,4.000
5955,5.333
5956,1.667
5957,1.000
5958,5.000
5959,2.000
5960,10.000
5961,1.000
5962,1.000
5963,1.000
5964,1.000
5965,1.200
5966,1.000
5967,2.000
5968,1.000
5969,1.000
5970,1.000
5971,5.500
5972,1.000
5973,-10.000
5974,2.000
5975,-10.000
5976,-10.000
5977,-10.000
5978,1.000
5979,1.000
5980,1.000
5981,1.000
5982,1.500
5983,2.500
5984,2.000
5985,1.000
5986,1.000
5987,1.000
5988,1.000
5989,1.000
5990,5.000
5991,2.000
5992,1.000
5993,-10.000
5994,1.000
5995,1.000
5996,3.000
5997,1.000
5998,1.000
5999,1.000
6002,1.000
6003,1.000
6004,1.000
6005,1.000
